,Length,accuracy,precision,recall,f1,mcc,auroc,auprc
0,256.0,0.48694610595703125,0.025994492694735527,0.6132730841636658,0.04987495765089989,0.028560345992445946,0.5486915707588196,0.02522075853302106
0,301.0,0.5075204968452454,0.013846052810549736,0.5822295546531677,0.027048854157328606,0.019158855080604553,0.5444306135177612,0.014025325799329148
0,331.0,0.48752596974372864,0.017099205404520035,0.5919904708862305,0.03323834389448166,0.018882011994719505,0.5389691591262817,0.017117689262152288
0,369.0,0.48756667971611023,0.019511794671416283,0.5871446132659912,0.03776847943663597,0.018946422263979912,0.5364879965782166,0.01952396124452281
0,415.0,0.4757247865200043,0.02002726122736931,0.6163970232009888,0.03879407048225403,0.023329228162765503,0.5448325872421265,0.019960863026786204
0,463.0,0.48764005303382874,0.01848636195063591,0.5814013481140137,0.03583335876464844,0.017136044800281525,0.5337401628494263,0.018612504823141432
0,509.0,0.4664856195449829,0.014896373264491558,0.563265323638916,0.029025133699178696,0.006718042306602001,0.514180600643158,0.019629092408727837
