,Length,accuracy,precision,recall,f1,mcc,auroc,auprc
0,256.0,0.5431671142578125,0.018402108922600746,0.37838777899742126,0.035097330808639526,-0.02201136015355587,0.462627112865448,0.021556478788389014
0,301.0,0.5821805000305176,0.010665749199688435,0.37637969851493835,0.02074366994202137,-0.00853073038160801,0.4805043935775757,0.01241530289432546
0,331.0,0.5613670945167542,0.012729000300168991,0.37192705273628235,0.024615546688437462,-0.015593159012496471,0.4680778980255127,0.015053701646016882
0,369.0,0.5655805468559265,0.01512952335178852,0.3800988793373108,0.02910071611404419,-0.013387832790613174,0.474455863237381,0.017422020619561156
0,415.0,0.5778520107269287,0.015243868343532085,0.3709898591041565,0.02928444743156433,-0.01252146065235138,0.4762272238731384,0.01739435672089589
0,463.0,0.5799937844276428,0.013157760724425316,0.33307573199272156,0.025315463542938232,-0.02133634127676487,0.45859014987945557,0.016328631759526164
0,509.0,0.605281412601471,0.012148148380219936,0.33469387888908386,0.023445317521691322,-0.013597068376839161,0.47193050384521484,0.020247669366472095
